INSERT INTO permissions (permission_id,permission_name) VALUES ('7c102ad8-59e4-4e93-a56b-e4033de41745','Write');
INSERT INTO roles (role_id,role_description,role_name) VALUES('340ddc49-1214-4e00-9a77-2334334b23d3','Is a description','ROLE_USER');
INSERT INTO role_permission(role_id,permission_id) VALUES('340ddc49-1214-4e00-9a77-2334334b23d3','7c102ad8-59e4-4e93-a56b-e4033de41745');

INSERT INTO frameworks (framework_id, framework_name,framework_type,language) VALUES ('0945d50a-65d9-4e00-bdd4-ff20268455e9', 'React', 'Frontend', 'Typescript');
INSERT INTO frameworks (framework_id, framework_name,framework_type,language) VALUES ('324f9dc7-560b-4741-bf95-c0bc4d6ab902', 'Angular', 'Frontend', 'Typescript');
INSERT INTO frameworks (framework_id, framework_name,framework_type,language) VALUES ('31bf4ecc-c4ac-4fbe-a6ff-652c8dcebc01', 'Nextjs', 'Frontend', 'Typescript');
INSERT INTO frameworks (framework_id, framework_name,framework_type,language) VALUES ('1352d700-58f6-4b43-8267-65873e52aa7f', 'Vue.js', 'Frontend', 'Typescript');
INSERT INTO frameworks (framework_id, framework_name,framework_type,language) VALUES ('58a4b018-6925-43c1-9db6-963a4f16d2ad', 'Svelte', 'Frontend', 'Typescript');
INSERT INTO frameworks (framework_id, framework_name,framework_type,language) VALUES ('00be320a-d284-48cb-9ae9-ffe27fded064', 'Expressjs', 'Frontend', 'Typescript');
INSERT INTO frameworks (framework_id, framework_name,framework_type,language) VALUES ('38b0c497-9de6-4f3f-90eb-57a641accfad', 'Django', 'Backend', 'Python');
INSERT INTO frameworks (framework_id, framework_name,framework_type,language) VALUES ('6f5598b1-60a5-4c66-bb6b-09e5c7417529', 'Symfony', 'Backend', 'PHP');
INSERT INTO frameworks (framework_id, framework_name,framework_type,language) VALUES ('d160babf-580b-4a42-93ff-ce84df20b724', 'FastApi', 'Backend', 'Python');
INSERT INTO frameworks (framework_id, framework_name,framework_type,language) VALUES ('30b439ae-9846-47d9-8c49-5fda08f1e313', 'Spring Boot', 'Backend', 'Java');
INSERT INTO frameworks (framework_id, framework_name,framework_type,language) VALUES ('6fdc3125-073e-4bed-8430-be56a8861301', 'Ruby on Rails', 'Backend', 'Ruby');
INSERT INTO frameworks (framework_id, framework_name,framework_type,language) VALUES ('5c775c2a-1547-48b9-adf9-6fce95923845', 'React Native', 'Mobile', 'Typescript');
INSERT INTO frameworks (framework_id, framework_name,framework_type,language) VALUES ('511e7dc6-b76e-409a-ae30-0680f5df71b9', '.NET', 'Backend', 'C#');
INSERT INTO frameworks (framework_id, framework_name,framework_type,language) VALUES ('9c8e334c-9e90-42dc-b1f7-864710aaab6f', 'Laravel', 'Backend', 'PHP');
INSERT INTO frameworks (framework_id, framework_name,framework_type,language) VALUES ('153de720-ea4a-4f74-b498-377b5875faf6', 'Flask', 'Backend', 'Python');
INSERT INTO frameworks (framework_id, framework_name,framework_type,language) VALUES ('32fb4566-44ee-4986-8128-46a7cd32974b', 'Gin', 'Backend', 'Golang');
INSERT INTO frameworks (framework_id, framework_name,framework_type,language) VALUES ('e1377717-d27f-4f32-a841-a6025c165df5', 'Quarkus', 'Backend', 'Java');
INSERT INTO frameworks (framework_id, framework_name,framework_type,language) VALUES ('996ad182-d190-4aa8-87b7-ee310727e56e', 'Flutter', 'Mobile', 'Dart');
INSERT INTO frameworks (framework_id, framework_name,framework_type,language) VALUES ('df911a98-ea07-4f3a-8920-5ae9c902ae19', 'Qwik', 'Frontend', 'Typescript');
INSERT INTO frameworks (framework_id, framework_name,framework_type,language) VALUES ('003ff117-485d-437f-bb40-5ed1230b2688', 'Android', 'Mobile', 'Kotlin');
INSERT INTO frameworks (framework_id, framework_name,framework_type,language) VALUES ('bf88d8ce-3851-4c90-903e-60823a4d849d', 'Nest', 'Backend', 'Typescript');
INSERT INTO frameworks (framework_id, framework_name,framework_type,language) VALUES ('bf0dc911-7573-4ef7-bb33-6f9d71f5e029', 'Node', 'Backend', 'Typescript');
INSERT INTO frameworks (framework_id, framework_name,framework_type,language) VALUES ('55e79657-7c95-41f1-bd15-f26a5a31e14d', 'Fiber', 'Backend', 'Golang');
INSERT INTO frameworks (framework_id, framework_name,framework_type,language) VALUES ('ea18ed4e-a71e-4254-83bd-c3aec0861762', 'Nuxt', 'Frontend', 'Typescript');
INSERT INTO frameworks (framework_id, framework_name,framework_type,language) VALUES ('99747231-b4c4-4583-b307-32b30eb98f10', 'Micronaut', 'Backend', 'Java');
INSERT INTO languages (language_id, language_name) VALUES ('3f81bee3-099a-446a-b2b6-c135ee116b92', 'JavaScript');
INSERT INTO languages (language_id, language_name) VALUES ('5ad6cd43-8dd0-4d72-8dec-e029e29a1d33', 'TypeScript');
INSERT INTO languages (language_id, language_name) VALUES ('2d23b78b-2577-4721-8d1c-303418ce190d', 'Java');
INSERT INTO languages (language_id, language_name) VALUES ('51a3bdca-00b2-4f34-99d7-08b21ce0e374', 'Python');
INSERT INTO languages (language_id, language_name) VALUES ('7814ecd7-7e1f-47a8-a2e8-db358614e59c', 'C#');
INSERT INTO languages (language_id, language_name) VALUES ('0abf2fc8-7e22-448e-ab61-9f1b9114d2e8', 'PHP');
INSERT INTO languages (language_id, language_name) VALUES ('e07b24b1-0287-4990-9bac-ee7941dfc34a', 'Ruby');
INSERT INTO languages (language_id, language_name) VALUES ('1b8ab760-38f7-4bbf-a5d0-e230807e0e3f', 'Dart');
INSERT INTO languages (language_id, language_name) VALUES ('39431bc6-ba80-4b22-8d7e-073e144e526a', 'Golang');
INSERT INTO project_type (project_type_id,project_type_description ,project_type_name) VALUES ('038eff46-b858-4710-9fda-2be48db983fe', 'Desarrolla soluciones con tecnologias como Java, React, Node, Python.','WebApp');
INSERT INTO project_type (project_type_id,project_type_description ,project_type_name) VALUES ('447ef4a1-06d4-4a05-b983-e3d4cf467f5b', 'Utiliza plataformas como Bubble, Webflow o Zapier para construir MVPs sin codigo. No se requieren conocimientos previos','NoCode');
INSERT INTO project_type (project_type_id,project_type_description ,project_type_name) VALUES ('be9716f2-3711-4dd7-9360-4080dd475401', 'Construye aplicaciones mobile con tecnologías como Swift (para iOS), Kotlin (para Android), React Native.','Mobile');
INSERT INTO project_type (project_type_id,project_type_description ,project_type_name) VALUES ('a9b5cb7a-8eed-458b-9627-a1e92d0623aa', 'Centrado en el análisis y gestión de datos, utilizando herramientas especializadas para interpretar y presentar datos de manera estratégica.','Data Bi');
INSERT INTO roles_type (role_type_id, role_type_name, project_type_id) VALUES ('d5e737ac-316e-46fb-92a6-77aa149ee8e6', 'Backend', '038eff46-b858-4710-9fda-2be48db983fe');
INSERT INTO roles_type (role_type_id, role_type_name, project_type_id) VALUES ('54d5c728-3757-4968-a35d-28edb51b2795', 'Frontend', '038eff46-b858-4710-9fda-2be48db983fe');
INSERT INTO roles_type (role_type_id, role_type_name, project_type_id) VALUES ('151e9ec2-921d-43a4-9a57-b12319c99439', 'UX/UI', '038eff46-b858-4710-9fda-2be48db983fe');
INSERT INTO roles_type (role_type_id, role_type_name, project_type_id) VALUES ('b6daedcf-b311-473d-b8e1-33354c2220e6', 'QA Tester', '038eff46-b858-4710-9fda-2be48db983fe');
INSERT INTO roles_type (role_type_id, role_type_name, project_type_id) VALUES ('709814fb-cd6a-47b1-8ff6-83db4f38bc72', 'DevOps', '038eff46-b858-4710-9fda-2be48db983fe');
INSERT INTO roles_type (role_type_id, role_type_name, project_type_id) VALUES ('8f562cce-cfac-4452-a25e-e1784a88a15e', 'Project Manager', '038eff46-b858-4710-9fda-2be48db983fe');
INSERT INTO roles_type (role_type_id, role_type_name, project_type_id) VALUES ('b3822e16-e34f-4c88-80db-602cc56a117e', 'Mobile Dev', '038eff46-b858-4710-9fda-2be48db983fe');
INSERT INTO roles_type (role_type_id, role_type_name, project_type_id) VALUES ('001a753a-8f7d-465f-aeb6-e930c5e4c45c', 'Automation', '038eff46-b858-4710-9fda-2be48db983fe');
INSERT INTO roles_type (role_type_id, role_type_name, project_type_id) VALUES ('12c4a4fe-2136-451d-ba1f-00d256c13415', 'Data Analyst', '038eff46-b858-4710-9fda-2be48db983fe');
INSERT INTO roles_type (role_type_id, role_type_name, project_type_id) VALUES ('0e7f8fe7-1086-4c51-8325-2c2dfa6834e8', 'Data Engineer', '038eff46-b858-4710-9fda-2be48db983fe');
INSERT INTO roles_type (role_type_id, role_type_name, project_type_id) VALUES ('6b347672-8cd3-4854-872a-7d3e517b272c', 'Data Scientist', '038eff46-b858-4710-9fda-2be48db983fe');
INSERT INTO roles_type (role_type_id, role_type_name, project_type_id) VALUES ('09ba214a-2bb6-4ead-9a7c-d68076b82880', 'Machine Learning', '038eff46-b858-4710-9fda-2be48db983fe');
INSERT INTO events (event_id, event_name, event_type, event_description, event_participant, event_date_start, event_date_end) VALUES ('a44913b7-34ca-429f-821f-ae8732423c9d', 'S17', 'Selection', 'Seleccionado S19-20', 0, '2024-08-04', '2024-09-06');
INSERT INTO events (event_id, event_name, event_type, event_description, event_participant, event_date_start, event_date_end) VALUES ('28f1d641-8e7d-4f05-b33c-7fab6b4b6840', 'S18', 'Selection', 'Seleccionado S19-22', 0, '2024-10-04', '2024-11-06');
INSERT INTO events (event_id, event_name, event_type, event_description, event_participant, event_date_start, event_date_end) VALUES ('ddd0643e-ea4c-4aab-89fc-5739d116483a', 'C21', 'Cohorte', 'Cohorte S21-24', 0, '2024-11-04', '2024-12-06');
INSERT INTO events (event_id, event_name, event_type, event_description, event_participant, event_date_start, event_date_end) VALUES ('c5d56816-1743-47cc-8b68-ee8772f950ee', 'S19', 'Selection', 'Seleccionado S19-24', 0, '2024-11-04', '2024-12-07');


INSERT INTO users (user_id,email,password) VALUES ('858c78c7-e1a3-4207-b7c0-e31929b5b1ea','michelledavis@example.net','$2a$10$DbwTfHm.UXs6GiIPeP29quu/xSUAz8qOMV.vhWutn9P3vr1iZGFum');
INSERT INTO user_role(user_id,role_id) VALUES ('858c78c7-e1a3-4207-b7c0-e31929b5b1ea','340ddc49-1214-4e00-9a77-2334334b23d3');
INSERT INTO profiles (profile_id,user_id,avatar_url,github_url,linkedin_url,profile_name,profile_lastname) VALUES ('4877534a-37d0-483a-95ac-0b7121556440','858c78c7-e1a3-4207-b7c0-e31929b5b1ea','https://avatars.githubusercontent.com/u/16294803','https://github.com/asdasdasd','https://www.linkedin.com/in/asdasdasd','Stephanie','Parker');
INSERT INTO event_records (event_record_id, schedule, tl, role_type_id, language_id, profile_id, event_id) VALUES ('4b8f4515-5d59-4e11-80d0-6821982ad3e1', 'FullTime', False, '151e9ec2-921d-43a4-9a57-b12319c99439', null, '4877534a-37d0-483a-95ac-0b7121556440', 'a44913b7-34ca-429f-821f-ae8732423c9d');
INSERT INTO users (user_id,email,password) VALUES ('0e526bf1-8a1f-44c4-8f1b-e5381935c222','richardbates@example.org','$2a$10$DbwTfHm.UXs6GiIPeP29quu/xSUAz8qOMV.vhWutn9P3vr1iZGFum');
INSERT INTO user_role(user_id,role_id) VALUES ('0e526bf1-8a1f-44c4-8f1b-e5381935c222','340ddc49-1214-4e00-9a77-2334334b23d3');
INSERT INTO profiles (profile_id,user_id,avatar_url,github_url,linkedin_url,profile_name,profile_lastname) VALUES ('f1018ca5-0938-4dbe-a745-6ba226f65ef7','0e526bf1-8a1f-44c4-8f1b-e5381935c222','https://avatars.githubusercontent.com/u/16294803','https://github.com/asdasdasd','https://www.linkedin.com/in/asdasdasd','Dustin','Maynard');
INSERT INTO event_records (event_record_id, schedule, tl, role_type_id, language_id, profile_id, event_id) VALUES ('64034bbe-8399-40f5-b703-3033e319b037', 'FullTime', False, '151e9ec2-921d-43a4-9a57-b12319c99439', null, 'f1018ca5-0938-4dbe-a745-6ba226f65ef7', 'a44913b7-34ca-429f-821f-ae8732423c9d');
INSERT INTO users (user_id,email,password) VALUES ('4d4465e6-4113-4ce5-a051-3f429aeae6cd','breannacox@example.net','$2a$10$DbwTfHm.UXs6GiIPeP29quu/xSUAz8qOMV.vhWutn9P3vr1iZGFum');
INSERT INTO user_role(user_id,role_id) VALUES ('4d4465e6-4113-4ce5-a051-3f429aeae6cd','340ddc49-1214-4e00-9a77-2334334b23d3');
INSERT INTO profiles (profile_id,user_id,avatar_url,github_url,linkedin_url,profile_name,profile_lastname) VALUES ('84e016bc-2a5d-4cd4-9059-9f2f8a8d50b3','4d4465e6-4113-4ce5-a051-3f429aeae6cd','https://avatars.githubusercontent.com/u/16294803','https://github.com/asdasdasd','https://www.linkedin.com/in/asdasdasd','Nicole','Mckay');
INSERT INTO event_records (event_record_id, schedule, tl, role_type_id, language_id, profile_id, event_id) VALUES ('dd7b4845-f88e-4a5f-9ded-e600317eb2d0', 'FullTime', False, '151e9ec2-921d-43a4-9a57-b12319c99439', null, '84e016bc-2a5d-4cd4-9059-9f2f8a8d50b3', 'a44913b7-34ca-429f-821f-ae8732423c9d');
INSERT INTO users (user_id,email,password) VALUES ('20477499-f6ed-49e8-8dd1-e358cc635d73','mharper@example.org','$2a$10$DbwTfHm.UXs6GiIPeP29quu/xSUAz8qOMV.vhWutn9P3vr1iZGFum');
INSERT INTO user_role(user_id,role_id) VALUES ('20477499-f6ed-49e8-8dd1-e358cc635d73','340ddc49-1214-4e00-9a77-2334334b23d3');
INSERT INTO profiles (profile_id,user_id,avatar_url,github_url,linkedin_url,profile_name,profile_lastname) VALUES ('9b6eec8e-204b-44c5-b184-81ac51d82d09','20477499-f6ed-49e8-8dd1-e358cc635d73','https://avatars.githubusercontent.com/u/16294803','https://github.com/asdasdasd','https://www.linkedin.com/in/asdasdasd','Kelly','Carpenter');
INSERT INTO event_records (event_record_id, schedule, tl, role_type_id, language_id, profile_id, event_id) VALUES ('1bba02fa-cb42-4552-aa70-0c829252feb5', 'FullTime', False, '151e9ec2-921d-43a4-9a57-b12319c99439', null, '9b6eec8e-204b-44c5-b184-81ac51d82d09', 'a44913b7-34ca-429f-821f-ae8732423c9d');


INSERT INTO users (user_id,email,password) VALUES ('938577ce-5938-4b77-8cdd-c79f83661916','ashley62@example.com','$2a$10$DbwTfHm.UXs6GiIPeP29quu/xSUAz8qOMV.vhWutn9P3vr1iZGFum');
INSERT INTO user_role(user_id,role_id) VALUES ('938577ce-5938-4b77-8cdd-c79f83661916','340ddc49-1214-4e00-9a77-2334334b23d3');
INSERT INTO profiles (profile_id,user_id,avatar_url,github_url,linkedin_url,profile_name,profile_lastname) VALUES ('426607ff-b7e8-439c-bdac-d8b708c12d37','938577ce-5938-4b77-8cdd-c79f83661916','https://avatars.githubusercontent.com/u/16294803','https://github.com/asdasdasd','https://www.linkedin.com/in/asdasdasd','Laura','Brown');
INSERT INTO event_records (event_record_id, schedule, tl, role_type_id, language_id, profile_id, event_id) VALUES ('6466e252-6a66-42de-94c7-4c49cefda286', 'FullTime', False, '54d5c728-3757-4968-a35d-28edb51b2795', '3f81bee3-099a-446a-b2b6-c135ee116b92', '426607ff-b7e8-439c-bdac-d8b708c12d37', 'a44913b7-34ca-429f-821f-ae8732423c9d');
INSERT INTO users (user_id,email,password) VALUES ('6346e794-8007-4a4b-a1bf-28bf81e84323','bjohnson@example.com','$2a$10$DbwTfHm.UXs6GiIPeP29quu/xSUAz8qOMV.vhWutn9P3vr1iZGFum');
INSERT INTO user_role(user_id,role_id) VALUES ('6346e794-8007-4a4b-a1bf-28bf81e84323','340ddc49-1214-4e00-9a77-2334334b23d3');
INSERT INTO profiles (profile_id,user_id,avatar_url,github_url,linkedin_url,profile_name,profile_lastname) VALUES ('dfa78dac-3151-428b-8551-cc3253316102','6346e794-8007-4a4b-a1bf-28bf81e84323','https://avatars.githubusercontent.com/u/16294803','https://github.com/asdasdasd','https://www.linkedin.com/in/asdasdasd','Nicole','Ortiz');
INSERT INTO event_records (event_record_id, schedule, tl, role_type_id, language_id, profile_id, event_id) VALUES ('10ba9aa6-89da-4826-811b-89489e412ed6', 'FullTime', False, '54d5c728-3757-4968-a35d-28edb51b2795', '5ad6cd43-8dd0-4d72-8dec-e029e29a1d33', 'dfa78dac-3151-428b-8551-cc3253316102', 'a44913b7-34ca-429f-821f-ae8732423c9d');
INSERT INTO users (user_id,email,password) VALUES ('bcd3d35f-0d7d-4b8c-bb95-c7b8e58fdb23','natasha25@example.com','$2a$10$DbwTfHm.UXs6GiIPeP29quu/xSUAz8qOMV.vhWutn9P3vr1iZGFum');
INSERT INTO user_role(user_id,role_id) VALUES ('bcd3d35f-0d7d-4b8c-bb95-c7b8e58fdb23','340ddc49-1214-4e00-9a77-2334334b23d3');
INSERT INTO profiles (profile_id,user_id,avatar_url,github_url,linkedin_url,profile_name,profile_lastname) VALUES ('ddd19fcc-251c-4838-82bd-f3b748c5f732','bcd3d35f-0d7d-4b8c-bb95-c7b8e58fdb23','https://avatars.githubusercontent.com/u/16294803','https://github.com/asdasdasd','https://www.linkedin.com/in/asdasdasd','Elizabeth','Larsen');
INSERT INTO event_records (event_record_id, schedule, tl, role_type_id, language_id, profile_id, event_id) VALUES ('9a36d5aa-c242-4408-8348-eaf7dd465ef9', 'FullTime', False, '54d5c728-3757-4968-a35d-28edb51b2795', '5ad6cd43-8dd0-4d72-8dec-e029e29a1d33', 'ddd19fcc-251c-4838-82bd-f3b748c5f732', 'a44913b7-34ca-429f-821f-ae8732423c9d');
INSERT INTO users (user_id,email,password) VALUES ('8f7bc7c7-f5ad-42df-a7a8-6b0f711d8ea0','aaron12@example.com','$2a$10$DbwTfHm.UXs6GiIPeP29quu/xSUAz8qOMV.vhWutn9P3vr1iZGFum');
INSERT INTO user_role(user_id,role_id) VALUES ('8f7bc7c7-f5ad-42df-a7a8-6b0f711d8ea0','340ddc49-1214-4e00-9a77-2334334b23d3');
INSERT INTO profiles (profile_id,user_id,avatar_url,github_url,linkedin_url,profile_name,profile_lastname) VALUES ('c928aaa7-ee90-4e0e-bc09-585b42f55bbf','8f7bc7c7-f5ad-42df-a7a8-6b0f711d8ea0','https://avatars.githubusercontent.com/u/16294803','https://github.com/asdasdasd','https://www.linkedin.com/in/asdasdasd','Sean','Clark');
INSERT INTO event_records (event_record_id, schedule, tl, role_type_id, language_id, profile_id, event_id) VALUES ('8a5aa8c7-bcfc-4621-bfe5-0a05ea07fd40', 'FullTime', False, '54d5c728-3757-4968-a35d-28edb51b2795', '3f81bee3-099a-446a-b2b6-c135ee116b92', 'c928aaa7-ee90-4e0e-bc09-585b42f55bbf', 'a44913b7-34ca-429f-821f-ae8732423c9d');
INSERT INTO users (user_id,email,password) VALUES ('d4a04d89-3fa9-4307-9b22-cfa72579e34e','alexandrajordan@example.org','$2a$10$DbwTfHm.UXs6GiIPeP29quu/xSUAz8qOMV.vhWutn9P3vr1iZGFum');
INSERT INTO user_role(user_id,role_id) VALUES ('d4a04d89-3fa9-4307-9b22-cfa72579e34e','340ddc49-1214-4e00-9a77-2334334b23d3');
INSERT INTO profiles (profile_id,user_id,avatar_url,github_url,linkedin_url,profile_name,profile_lastname) VALUES ('76b44113-690e-4808-9a75-6cee1d3aa6a1','d4a04d89-3fa9-4307-9b22-cfa72579e34e','https://avatars.githubusercontent.com/u/16294803','https://github.com/asdasdasd','https://www.linkedin.com/in/asdasdasd','Joseph','Scott');
INSERT INTO event_records (event_record_id, schedule, tl, role_type_id, language_id, profile_id, event_id) VALUES ('9da929dc-05a3-496b-a814-97617941c43a', 'FullTime', False, '54d5c728-3757-4968-a35d-28edb51b2795', '5ad6cd43-8dd0-4d72-8dec-e029e29a1d33', '76b44113-690e-4808-9a75-6cee1d3aa6a1', 'a44913b7-34ca-429f-821f-ae8732423c9d');
INSERT INTO users (user_id,email,password) VALUES ('d0325670-0b50-4714-b649-2ebdd30ba95f','laurenlarson@example.com','$2a$10$DbwTfHm.UXs6GiIPeP29quu/xSUAz8qOMV.vhWutn9P3vr1iZGFum');
INSERT INTO user_role(user_id,role_id) VALUES ('d0325670-0b50-4714-b649-2ebdd30ba95f','340ddc49-1214-4e00-9a77-2334334b23d3');
INSERT INTO profiles (profile_id,user_id,avatar_url,github_url,linkedin_url,profile_name,profile_lastname) VALUES ('5c01394e-2b9d-44c7-922a-bbfe276a7ac2','d0325670-0b50-4714-b649-2ebdd30ba95f','https://avatars.githubusercontent.com/u/16294803','https://github.com/asdasdasd','https://www.linkedin.com/in/asdasdasd','George','Camacho');
INSERT INTO event_records (event_record_id, schedule, tl, role_type_id, language_id, profile_id, event_id) VALUES ('de5d66cd-0134-4b0a-ba1e-a240012fa3b3', 'FullTime', False, '54d5c728-3757-4968-a35d-28edb51b2795', '3f81bee3-099a-446a-b2b6-c135ee116b92', '5c01394e-2b9d-44c7-922a-bbfe276a7ac2', 'a44913b7-34ca-429f-821f-ae8732423c9d');
INSERT INTO users (user_id,email,password) VALUES ('5337ec9c-676e-4fea-9f6f-b1150e1f11bb','manderson@example.com','$2a$10$DbwTfHm.UXs6GiIPeP29quu/xSUAz8qOMV.vhWutn9P3vr1iZGFum');
INSERT INTO user_role(user_id,role_id) VALUES ('5337ec9c-676e-4fea-9f6f-b1150e1f11bb','340ddc49-1214-4e00-9a77-2334334b23d3');
INSERT INTO profiles (profile_id,user_id,avatar_url,github_url,linkedin_url,profile_name,profile_lastname) VALUES ('b485f72a-8eeb-457e-94e2-d0be13fc0653','5337ec9c-676e-4fea-9f6f-b1150e1f11bb','https://avatars.githubusercontent.com/u/16294803','https://github.com/asdasdasd','https://www.linkedin.com/in/asdasdasd','Mark','Ward');
INSERT INTO event_records (event_record_id, schedule, tl, role_type_id, language_id, profile_id, event_id) VALUES ('d09c7bab-ffef-4b1f-bd0f-4c62f6044155', 'FullTime', False, '54d5c728-3757-4968-a35d-28edb51b2795', '3f81bee3-099a-446a-b2b6-c135ee116b92', 'b485f72a-8eeb-457e-94e2-d0be13fc0653', 'a44913b7-34ca-429f-821f-ae8732423c9d');
INSERT INTO users (user_id,email,password) VALUES ('5dbf3c2b-c94d-4a75-834b-33f80ee4ac47','jramirez@example.net','$2a$10$DbwTfHm.UXs6GiIPeP29quu/xSUAz8qOMV.vhWutn9P3vr1iZGFum');
INSERT INTO user_role(user_id,role_id) VALUES ('5dbf3c2b-c94d-4a75-834b-33f80ee4ac47','340ddc49-1214-4e00-9a77-2334334b23d3');
INSERT INTO profiles (profile_id,user_id,avatar_url,github_url,linkedin_url,profile_name,profile_lastname) VALUES ('aae79bec-230e-4c68-90fa-653a491083d3','5dbf3c2b-c94d-4a75-834b-33f80ee4ac47','https://avatars.githubusercontent.com/u/16294803','https://github.com/asdasdasd','https://www.linkedin.com/in/asdasdasd','Hannah','Harris');
INSERT INTO event_records (event_record_id, schedule, tl, role_type_id, language_id, profile_id, event_id) VALUES ('a7eee986-24b2-4d50-b648-81ad0dc38a54', 'FullTime', False, '54d5c728-3757-4968-a35d-28edb51b2795', '5ad6cd43-8dd0-4d72-8dec-e029e29a1d33', 'aae79bec-230e-4c68-90fa-653a491083d3', 'a44913b7-34ca-429f-821f-ae8732423c9d');


INSERT INTO users (user_id,email,password) VALUES ('d6c0d29c-71c5-45ca-b5b7-f250ca597c99','phillip95@example.org','$2a$10$DbwTfHm.UXs6GiIPeP29quu/xSUAz8qOMV.vhWutn9P3vr1iZGFum');
INSERT INTO user_role(user_id,role_id) VALUES ('d6c0d29c-71c5-45ca-b5b7-f250ca597c99','340ddc49-1214-4e00-9a77-2334334b23d3');
INSERT INTO profiles (profile_id,user_id,avatar_url,github_url,linkedin_url,profile_name,profile_lastname) VALUES ('c9c051a3-3bf2-4f05-86b3-0d872615a682','d6c0d29c-71c5-45ca-b5b7-f250ca597c99','https://avatars.githubusercontent.com/u/16294803','https://github.com/asdasdasd','https://www.linkedin.com/in/asdasdasd','Christopher','Cook');
INSERT INTO event_records (event_record_id, schedule, tl, role_type_id, language_id, profile_id, event_id) VALUES ('93f60687-efdb-45d3-a920-11edfb6e14b9', 'FullTime', False, 'd5e737ac-316e-46fb-92a6-77aa149ee8e6', '7814ecd7-7e1f-47a8-a2e8-db358614e59c', 'c9c051a3-3bf2-4f05-86b3-0d872615a682', 'a44913b7-34ca-429f-821f-ae8732423c9d');
INSERT INTO users (user_id,email,password) VALUES ('57e2fa30-a8f9-4b91-be6d-75c68591a567','rsolis@example.com','$2a$10$DbwTfHm.UXs6GiIPeP29quu/xSUAz8qOMV.vhWutn9P3vr1iZGFum');
INSERT INTO user_role(user_id,role_id) VALUES ('57e2fa30-a8f9-4b91-be6d-75c68591a567','340ddc49-1214-4e00-9a77-2334334b23d3');
INSERT INTO profiles (profile_id,user_id,avatar_url,github_url,linkedin_url,profile_name,profile_lastname) VALUES ('ee682449-248c-47a8-81ef-75ae414f99dd','57e2fa30-a8f9-4b91-be6d-75c68591a567','https://avatars.githubusercontent.com/u/16294803','https://github.com/asdasdasd','https://www.linkedin.com/in/asdasdasd','Tammy','Gutierrez');
INSERT INTO event_records (event_record_id, schedule, tl, role_type_id, language_id, profile_id, event_id) VALUES ('20d251f7-4b4c-4bcb-b70f-ef93ae68a3fb', 'FullTime', False, 'd5e737ac-316e-46fb-92a6-77aa149ee8e6', '2d23b78b-2577-4721-8d1c-303418ce190d', 'ee682449-248c-47a8-81ef-75ae414f99dd', 'a44913b7-34ca-429f-821f-ae8732423c9d');
INSERT INTO users (user_id,email,password) VALUES ('a70ceac2-9e1f-4e9e-b3c1-b11950ece71f','fking@example.net','$2a$10$DbwTfHm.UXs6GiIPeP29quu/xSUAz8qOMV.vhWutn9P3vr1iZGFum');
INSERT INTO user_role(user_id,role_id) VALUES ('a70ceac2-9e1f-4e9e-b3c1-b11950ece71f','340ddc49-1214-4e00-9a77-2334334b23d3');
INSERT INTO profiles (profile_id,user_id,avatar_url,github_url,linkedin_url,profile_name,profile_lastname) VALUES ('59049926-536a-4451-9b63-a9c14daebf11','a70ceac2-9e1f-4e9e-b3c1-b11950ece71f','https://avatars.githubusercontent.com/u/16294803','https://github.com/asdasdasd','https://www.linkedin.com/in/asdasdasd','Kimberly','Davis');
INSERT INTO event_records (event_record_id, schedule, tl, role_type_id, language_id, profile_id, event_id) VALUES ('f0dfb2c1-62d3-4787-8a4f-d59bc083e4ea', 'FullTime', False, 'd5e737ac-316e-46fb-92a6-77aa149ee8e6', '7814ecd7-7e1f-47a8-a2e8-db358614e59c', '59049926-536a-4451-9b63-a9c14daebf11', 'a44913b7-34ca-429f-821f-ae8732423c9d');
INSERT INTO users (user_id,email,password) VALUES ('a2fa1efa-f14a-416f-8d78-55ef9240e6bc','yatkinson@example.com','$2a$10$DbwTfHm.UXs6GiIPeP29quu/xSUAz8qOMV.vhWutn9P3vr1iZGFum');
INSERT INTO user_role(user_id,role_id) VALUES ('a2fa1efa-f14a-416f-8d78-55ef9240e6bc','340ddc49-1214-4e00-9a77-2334334b23d3');
INSERT INTO profiles (profile_id,user_id,avatar_url,github_url,linkedin_url,profile_name,profile_lastname) VALUES ('9992bf20-c33a-41fa-bd39-5820a05ac72b','a2fa1efa-f14a-416f-8d78-55ef9240e6bc','https://avatars.githubusercontent.com/u/16294803','https://github.com/asdasdasd','https://www.linkedin.com/in/asdasdasd','Cody','Rice');
INSERT INTO event_records (event_record_id, schedule, tl, role_type_id, language_id, profile_id, event_id) VALUES ('006a5dab-3a8d-462a-859a-c2b508b53441', 'FullTime', False, 'd5e737ac-316e-46fb-92a6-77aa149ee8e6', '2d23b78b-2577-4721-8d1c-303418ce190d', '9992bf20-c33a-41fa-bd39-5820a05ac72b', 'a44913b7-34ca-429f-821f-ae8732423c9d');


INSERT INTO users (user_id,email,password) VALUES ('20c846d5-cbf8-4189-b63a-27ba7fe093b4','matthew98@example.net','$2a$10$DbwTfHm.UXs6GiIPeP29quu/xSUAz8qOMV.vhWutn9P3vr1iZGFum');
INSERT INTO user_role(user_id,role_id) VALUES ('20c846d5-cbf8-4189-b63a-27ba7fe093b4','340ddc49-1214-4e00-9a77-2334334b23d3');
INSERT INTO profiles (profile_id,user_id,avatar_url,github_url,linkedin_url,profile_name,profile_lastname) VALUES ('d5cc04b2-f1cc-4341-9927-15d8e0901c52','20c846d5-cbf8-4189-b63a-27ba7fe093b4','https://avatars.githubusercontent.com/u/16294803','https://github.com/asdasdasd','https://www.linkedin.com/in/asdasdasd','Justin','Chandler');
INSERT INTO event_records (event_record_id, schedule, tl, role_type_id, language_id, profile_id, event_id) VALUES ('5ce2d4e4-6f76-4c22-859f-58db7b31c129', 'FullTime', False, 'b6daedcf-b311-473d-b8e1-33354c2220e6', null, 'd5cc04b2-f1cc-4341-9927-15d8e0901c52', 'a44913b7-34ca-429f-821f-ae8732423c9d');
INSERT INTO users (user_id,email,password) VALUES ('f60b3b56-cff5-4703-8508-ee5b5f3bebbd','eschmidt@example.org','$2a$10$DbwTfHm.UXs6GiIPeP29quu/xSUAz8qOMV.vhWutn9P3vr1iZGFum');
INSERT INTO user_role(user_id,role_id) VALUES ('f60b3b56-cff5-4703-8508-ee5b5f3bebbd','340ddc49-1214-4e00-9a77-2334334b23d3');
INSERT INTO profiles (profile_id,user_id,avatar_url,github_url,linkedin_url,profile_name,profile_lastname) VALUES ('8d13c6b6-fe31-4be2-adf6-63aada8c1544','f60b3b56-cff5-4703-8508-ee5b5f3bebbd','https://avatars.githubusercontent.com/u/16294803','https://github.com/asdasdasd','https://www.linkedin.com/in/asdasdasd','Joshua','Rodriguez');
INSERT INTO event_records (event_record_id, schedule, tl, role_type_id, language_id, profile_id, event_id) VALUES ('8ab13078-4c0f-401d-8014-77cf982b4157', 'FullTime', False, 'b6daedcf-b311-473d-b8e1-33354c2220e6', null, '8d13c6b6-fe31-4be2-adf6-63aada8c1544', 'a44913b7-34ca-429f-821f-ae8732423c9d');


INSERT INTO users (user_id,email,password) VALUES ('ba59ee62-c9a0-4a3a-86e8-bad85f8630b6','leahprice@example.org','$2a$10$DbwTfHm.UXs6GiIPeP29quu/xSUAz8qOMV.vhWutn9P3vr1iZGFum');
INSERT INTO user_role(user_id,role_id) VALUES ('ba59ee62-c9a0-4a3a-86e8-bad85f8630b6','340ddc49-1214-4e00-9a77-2334334b23d3');
INSERT INTO profiles (profile_id,user_id,avatar_url,github_url,linkedin_url,profile_name,profile_lastname) VALUES ('630058a5-7264-4a28-92ef-a564fb7d74c7','ba59ee62-c9a0-4a3a-86e8-bad85f8630b6','https://avatars.githubusercontent.com/u/16294803','https://github.com/asdasdasd','https://www.linkedin.com/in/asdasdasd','Audrey','Jordan');
INSERT INTO event_records (event_record_id, schedule, tl, role_type_id, language_id, profile_id, event_id) VALUES ('59233183-7848-4d90-9195-ef9ef6872ffa', 'FullTime', False, '8f562cce-cfac-4452-a25e-e1784a88a15e', null, '630058a5-7264-4a28-92ef-a564fb7d74c7', 'a44913b7-34ca-429f-821f-ae8732423c9d');
INSERT INTO users (user_id,email,password) VALUES ('11c9f5b5-c6b2-4005-bdf9-925e4578a059','millerallison@example.net','$2a$10$DbwTfHm.UXs6GiIPeP29quu/xSUAz8qOMV.vhWutn9P3vr1iZGFum');
INSERT INTO user_role(user_id,role_id) VALUES ('11c9f5b5-c6b2-4005-bdf9-925e4578a059','340ddc49-1214-4e00-9a77-2334334b23d3');
INSERT INTO profiles (profile_id,user_id,avatar_url,github_url,linkedin_url,profile_name,profile_lastname) VALUES ('db1b028e-0b39-47e0-8fbd-d370a820c514','11c9f5b5-c6b2-4005-bdf9-925e4578a059','https://avatars.githubusercontent.com/u/16294803','https://github.com/asdasdasd','https://www.linkedin.com/in/asdasdasd','Maria','Callahan');
INSERT INTO event_records (event_record_id, schedule, tl, role_type_id, language_id, profile_id, event_id) VALUES ('c36cf8d2-46f5-433d-a013-bde56aca34f8', 'FullTime', False, '8f562cce-cfac-4452-a25e-e1784a88a15e', null, 'db1b028e-0b39-47e0-8fbd-d370a820c514', 'a44913b7-34ca-429f-821f-ae8732423c9d');


